category_type,chi2_statistic,p_value
job_task,326.53192320965724,6.0720719719251954e-65
soft_skill,40.204083626887524,1.150487850140201e-06
