category_type,chi2_statistic,p_value
job_task,99.90431329421976,1.6452220100101847e-17
technology,213.02507588860064,6.617432663923324e-39
soft_skill,20.468580767428335,0.00102033200472554
