category_type,chi2_statistic,p_value
job_task,93.9741462838514,2.763832551624793e-15
technology,88.70045825953845,2.475457496607453e-13
soft_skill,18.433687834069893,0.01819999216202056
